6;"fl.video.FLVPlayback"
5;"fl.video.Icon"
7;"views.Abstract_Bates_View_beonMediumFontFont"
8;"views.Abstract_Bates_View_arialBoldFont"
9;"views.Abstract_Bates_View_helNeuLtBoldFont"
10;"views.Abstract_Bates_View_arialRegFont"
11;"views.Abstract_Bates_View_helNeuLtMediumFont"
12;"views.Abstract_Bates_View_helNeuLtLightFont"
13;"views.Abstract_Bates_View_fraGothDemiFont"
14;"com.framework.ui.CopyText_arialRegFont"
15;"away3d.core.pick.PBPickingCollider_RayTriangleKernelClass"
15;"away3d.core.pick.PBPickingCollider_RayTriangleKernelClass"
12;"views.Abstract_Bates_View_helNeuLtLightFont"
11;"views.Abstract_Bates_View_helNeuLtMediumFont"
14;"com.framework.ui.CopyText_arialRegFont"
10;"views.Abstract_Bates_View_arialRegFont"
8;"views.Abstract_Bates_View_arialBoldFont"
9;"views.Abstract_Bates_View_helNeuLtBoldFont"
7;"views.Abstract_Bates_View_beonMediumFontFont"
6;"fl.video.FLVPlayback"
13;"views.Abstract_Bates_View_fraGothDemiFont"
5;"fl.video.Icon"
0;"BatesMotelSeason2"
